;identifier;titulo;descripcion;autor;fecha_publicacion;idioma;descargas;tamano;temas;formato;url;topics;data;num_favoritos;num_revisions;m4b_links
0;mrrowl_2111_librivox;''Mr Rowl'';LibriVox recording of ''Mr Rowl'' by D. K. Broster. Read in English by Elin Raoul des Sablières, a French parole prisoner in England during the Napoleonic Wars, becomes enmeshed in a complicated tangle where his honour conflicts with his parole, and is sent to prison. Juliana Forrest, for whose sake he broke his parole, does her utmost to save him, and in his adventures and misfortunes, Raoul eventually also finds help from an unlikely source. This is a fun adventure story and romance, written in a style similar to Georgette Heyer. (Summary by Elin) For further information, including links to online text, reader information, RSS feeds, CD cover or other formats (if available), please go to the LibriVox catalog page for this recording. For more free audio books or to become a volunteer reader, visit librivox.org . M4B Audiobook 01-16 (222MB) M4B Audiobook 17-29 (169MB);['D. K. Broster'];2021-11-09T00:00:00Z;['eng'];423254;2377137941;['librivox', 'audiobooks', 'Napoleonic Wars', 'parole prisoner', 'crossdressing'];audio;https://archive.org/details/mrrowl_2111_librivox;librivox, audiobooks, Napoleonic Wars, parole prisoner, crossdressing;2021-11-09;14;423254;[{'url': 'https://archive.org/download/mrrowl_2111_librivox/MrRowl01-16_librivox.m4b', 'text': 'M4B Audiobook 01-16 (222MB)'}, {'url': 'https://archive.org/download/mrrowl_2111_librivox/MrRowl17-29_librivox.m4b', 'text': 'M4B Audiobook 17-29 (169MB)'}]
1;19demarzo_2104_librivox;El 19 de Marzo y el 2 de Mayo (Version 2);LibriVox recording of El 19 de Marzo y el 2 de Mayo (Version 2) by Benito Pérez Galdós. Read in Spanish by Alexelmagno Instalado en Madrid como cajista del Diario, Gabriel escapa los domingos a visitar a Inés en Aranjuez, donde asiste como protagonista involuntario a la caída de Godoy, Príncipe de la Paz, el 19 de marzo. Este acontecimiento no es sino el preludio de una primavera sanguinaria en Madrid, cuyo colofón será el levantamiento popular contra los franceses y los posteriores fusilamientos del 2 de mayo. (Summary by Alejandro Castillo) For further information, including links to online text, reader information, RSS feeds, CD cover or other formats (if available), please go to the LibriVox catalog page for this recording. For more free audio books or to become a volunteer reader, visit librivox.org . M4B Audiobook (230MB);['Benito Pérez Galdós'];2021-04-17T00:00:00Z;['spa'];425209;1424478090;['librivox', 'audiobooks', 'carlos iv', 'godoy', 'invasión francesa'];audio;https://archive.org/details/19demarzo_2104_librivox;librivox, audiobooks, carlos iv, godoy, invasión francesa;2021-04-17;2;425209;[{'url': 'https://archive.org/download/19demarzo_2104_librivox/19Marzo2Mayo_librivox.m4b', 'text': 'M4B Audiobook (230MB)'}]
2;cbc032_wilderness_2112_librivox;Coffee Break Collection 032 - Wilderness;LibriVox recording of Coffee Break Collection 032 - Wilderness by Various. Read in English by Librivox volunteers This is the 32nd Coffee Break Collection, in which Librivox readers select and read stories or poems, fiction or non-fiction pieces of fifteen minutes' duration or less, suitable for short commutes and coffee breaks. The subject for this collection is WILDERNESS. The collection is full after 20 pieces have been submitted. For further information, including links to online text, reader information, RSS feeds, CD cover or other formats (if available), please go to the LibriVox catalog page for this recording. For more free audio books or to become a volunteer reader, visit librivox.org . M4B Audiobook (78MB);['Various'];2021-12-30T00:00:00Z;['eng'];245567;479839006;['librivox', 'audiobooks', 'will fill in later'];audio;https://archive.org/details/cbc032_wilderness_2112_librivox;librivox, audiobooks, will fill in later;2021-12-30;9;245567;[{'url': 'https://archive.org/download/cbc032_wilderness_2112_librivox/CBC032_librivox.m4b', 'text': 'M4B Audiobook (78MB)'}]
3;greatgatsby_2101_librivox;The Great Gatsby;"LibriVox recording of The Great Gatsby by F. Scott Fitzgerald. Read in English by Kara Shallenberg Set in 1925, this is a novel of the Jazz Age; of ambition, of the careless rich, of wild parties and flappers and bootleg booze; and the efforts of a dreamer to reunite with his lost love. - Summary by Kara For further information, including links to online text, reader information, RSS feeds, CD cover or other formats (if available), please go to the LibriVox catalog page for this recording. For more free audio books or to become a volunteer reader, visit LibriVox.org . M4B Audiobook (155MB)";['F. Scott Fitzgerald'];2021-01-16T00:00:00Z;['eng'];435011;959513634;['librivox', 'audiobooks', 'fiction', 'jazz age'];audio;https://archive.org/details/greatgatsby_2101_librivox;librivox, audiobooks, fiction, jazz age;2021-01-16;171;435011;[{'url': 'https://archive.org/download/greatgatsby_2101_librivox/GreatGatsby1_librivox.m4b', 'text': 'M4B Audiobook (155MB)'}]
4;sms_012_2111_librivox;Short Mystery and Suspense Collection 012;LibriVox recording of Short Mystery and Suspense Collection 012 by Various. Read in English by Librivox volunteers The 12th edition of the Librivox Mystery and Suspense Collection delivers such gems as Father Brown in the Donnington Affair, Edgar Allen Poe and Guy de Maupassant amongst others. Prepare to by mystified and entertained. Each piece has been selected and read by Librivox readers. For further information, including links to online text, reader information, RSS feeds, CD cover or other formats (if available), please go to the LibriVox catalog page for this recording. For more free audio books or to become a volunteer reader, visit librivox.org . M4B Audiobook (176MB);['Various'];2021-11-25T00:00:00Z;['eng'];216288;1066482460;['librivox', 'audiobooks', 'dogs', 'halloween', 'father brown', 'monkeys'];audio;https://archive.org/details/sms_012_2111_librivox;librivox, audiobooks, dogs, halloween, father brown, monkeys;2021-11-25;23;216288;[{'url': 'https://archive.org/download/sms_012_2111_librivox/SMSC012_librivox.m4b', 'text': 'M4B Audiobook (176MB)'}]
5;aventurasdesherlockholmes_2110_librivox;Aventuras de Sherlock Holmes;"LibriVox recording of Aventuras de Sherlock Holmes by Sir Arthur Conan Doyle. Read in Spanish by Victor Villarraza Las aventuras de Sherlock Holmes (en inglés: The Adventures of Sherlock Holmes) es una colección de doce cuentos escritos por Arthur Conan Doyle, en los que el personaje principal es el detective de ficción Sherlock Holmes. Se publicaron por primera vez el 14 de octubre de 1892; las historias se habían publicado individualmente en The Strand Magazine entre junio de 1891 y julio de 1892. En el libro no se presentan las historias en orden cronológico y los únicos personajes que se repiten en todos ellas son Holmes y el doctor Watson, quien los narra en primera persona - Summary by Phileas Fogg For further information, including links to online text, reader information, RSS feeds, CD cover or other formats (if available), please go to the LibriVox catalog page for this recording. For more free audio books or to become a volunteer reader, visit librivox.org . M4B Audiobook...";['Sir Arthur Conan Doyle'];2021-10-24T00:00:00Z;['spa'];376997;2183195888;['librivox', 'audiobooks', 'watson', 'conan doyle', 'sherlock', 'aventuras'];audio;https://archive.org/details/aventurasdesherlockholmes_2110_librivox;librivox, audiobooks, watson, conan doyle, sherlock, aventuras;2021-10-24;20;375816;[{'url': 'https://archive.org/download/aventurasdesherlockholmes_2110_librivox/AventurasSherkockHolmes_librivox.m4b', 'text': 'M4B Audiobook (361MB)'}]
6;ssf_078_2105_librivox;Short Science Fiction Collection 078;"LibriVox recording of Short Science Fiction Collection 078 by Various. Read in English by thanhvnyguyen; AnnaR; Rohan31; Matthew Cejmer; Darrell Nobles; BarryHaworth; Melinda Cumming; Mike Manolakes; Dale Grothmann; Jeff Rogers; Christina Fu; JG Parenti; Colleen McMahon; Chris James; Sue Gill; Katrina Begg Science fiction is a genre encompassing imaginative works that take place in this world or that of the author’s creation where anything is possible. The only rules are those set forth by the author. The speculative nature of the genre inspires thought and plants seeds that have led to advances in science. The genre can spark an interest in the sciences and is cited as the impetus for the career choice of many scientists. It is a playing field to explore social perspectives, predictions of the future, and engage in adventures unbound into the richness of the human mind. ( Summary by A. Gramour For further information, including links to online text, reader information, RSS feeds, CD...";['Various'];2021-05-06T00:00:00Z;['eng'];226029;1146653865;['librivox', 'audiobooks', 'Mars', 'planets', 'space travel', 'speculative fiction', 'extraterrestrial'];audio;https://archive.org/details/ssf_078_2105_librivox;librivox, audiobooks, Mars, planets, space travel, speculative fiction, extraterrestrial;2021-05-06;29;226029;[{'url': 'https://archive.org/download/ssf_078_2105_librivox/SSFC078_librivox.m4b', 'text': 'M4B Audiobook (187MB)'}]
7;adventskalender_2021_2111_librivox;Adventskalender 2021;LibriVox Aufnahme von Adventskalender 2021 von verschiedenen Autoren. Gelesen auf Deutsch von LibriVox Freiwilligen. Diese Sammlung ist ein Adventskalender und enthält für jeden Tag vom 1. bis 24. Dezember eine Aufnahme über Weihnachten, den Winter und verwandte Themen. For further information, including links to online text, reader information, RSS feeds, CD cover or other formats (if available), please go to the LibriVox catalog page for this recording. For more free audio books or to become a volunteer reader, visit librivox.org . M4B Audiobook (152MB);['Various'];2021-11-14T00:00:00Z;['deu'];197331;931096366;['librivox', 'audiobooks', 'Deutsch', 'Advent', 'Weihnachten', 'winter', 'Schnee', 'Nikolaus', 'kalender', 'dezember'];audio;https://archive.org/details/adventskalender_2021_2111_librivox;librivox, audiobooks, Deutsch, Advent, Weihnachten, winter, Schnee, Nikolaus, kalender, dezember;2021-11-14;;197331;[{'url': 'https://archive.org/download/adventskalender_2021_2111_librivox/Adventskalender2021_librivox.m4b', 'text': 'M4B Audiobook (152MB)'}]
8;smc010_2101_librivox;Short Mystery and Suspense Collection 010;"LibriVox recording of Short Mystery and Suspense Collection 010 by Various. Read in English by Colleen McMahon; Dale Grothmann; Annie Mars; Loz87; Virgil; Retroindiereader; Mike Manolakes This collection is for any short story of mystery or suspense in the English Language in the public domain, preferably less than 60 minutes. You are welcome to contribute as many as you wish, and there is no need to ""sign-up"" before recording as long as the work is clearly in the public domain. Please ask here if the story was published after 1924 or if you are unsure for any other reason about its public domain status. Note that translations attract their own new copyright and must also have been published before 1923. Multiple versions are always welcome, so you can record a story that has been recorded before. (If the same stories are submitted twice in the same collection, we will carry the second version over to the next collection) . ( ) For further information, including links to online text,...";['Various'];2021-01-15T00:00:00Z;['eng'];189809;742227896;['librivox', 'audiobooks'];audio;https://archive.org/details/smc010_2101_librivox;librivox, audiobooks, ;2021-01-15;17;189809;[{'url': 'https://archive.org/download/smc010_2101_librivox/ShortMysterySuspense010_librivox.m4b', 'text': 'M4B Audiobook (122MB)'}]
9;adpi_2107_librivox;Antologia di poetesse italiane;"LibriVox recording of Antologia di poetesse italiane by Various. Read in Italian by Kazbek; Marzia Marianera; Liber; pasqualer; Raffaella Liuzzo; Ana Ross; Emanuela; Sophia; Riccardo Della Martera Poesie di: Compiuta Donzella (fl. seconda metà del duecento) Nina Siciliana (fl. 1290) * Ricciarda de' Selvaggi (? - 1313) * Eleonora della Genga (fl. 1360) * Giustina Levi-Perotti (fl. trecento) * Livia Chiavelli (fl. c. 1400) * Lucrezia Tornabuoni (1427 - 1482) Girolama Corsi (? - 1509) Camilla Scarampa (1470? - ?) Barbara Torelli (c. 1475 - 1533) * Veronica Gambara (1485 - 1550) Vittoria Colonna (1492 - 1547) Tullia d'Aragona (1501 - 1556) Virginia Salvi (1510 - 1571) Aurelia Petrucci (1511 - 1542) Chiara Matraini (1515 - 1604) Laura Terracina (1519 - 1577) Isabella di Morra (1520 - 1546) Lucia Bertani Dall'Oro (1521 - 1567) Laura Battiferri (1523 - 1589) Gaspara Stampa (1523 - 1554) Vincenza Armani (1530 - 1569) Olimpia Malipiero (1545 - 1569) Veronica Franco (1546 - 1591) Gerolama...";['Various'];2021-07-05T00:00:00Z;['ita'];168749;519457371;['librivox', 'audiobooks', 'renaissance', 'poesia italiana', 'women poets', 'lirica italiana', 'rinascimento', 'audiolibro'];audio;https://archive.org/details/adpi_2107_librivox;librivox, audiobooks, renaissance, poesia italiana, women poets, lirica italiana, rinascimento, audiolibro;2021-07-05;3;168749;[{'url': 'https://archive.org/download/adpi_2107_librivox/ADPI_librivox.m4b', 'text': 'M4B Audiobook (82MB)'}]
10;fcc08_2102_librivox;First Chapter Collection 08;"LibriVox recording of First Chapter Collection 008 by Various. Read in English by Stacy Dugan-Wilcox; BettyB; Colleen McMahon; Craig Campbell; KevinS; Peter Yearsley; Piotr Nater; Soeun (Kelly) Park The first chapter of a book is often the hook to draw a reader in. It could make you eager for more or realize it isn't for you. In this, the 8th First Chapter Collection, we offer you old favorites, such as Pride and Prejudice and The Call of the Wild. We tour the world, with Mexico and The Natural History of Selbourne, contemplate philosophy with Knowing and Being and relax with a Dissertation on Oriental Gardening with a side of Cakes and Cookies. For further information, including links to online text, reader information, RSS feeds, CD cover or other formats (if available), please go to the LibriVox catalog page for this recording. For more free audio books or to become a volunteer reader, visit librivox.org . M4B Audiobook (87MB)";['Various'];2021-02-07T00:00:00Z;['eng'];173669;528289162;['librivox', 'audiobooks'];audio;https://archive.org/details/fcc08_2102_librivox;librivox, audiobooks, ;2021-02-07;3;173669;[{'url': 'https://archive.org/download/fcc08_2102_librivox/FirstChapter08_librivox.m4b', 'text': 'M4B Audiobook (87MB)'}]
11;worlds_best_literature_11_2103_librivox;Library of the World's Best Literature, Ancient and Modern, volume 11;"LibriVox recording of Library of the World's Best Literature, Ancient and Modern, volume 11 by Various. Read in English by LibriVox volunteers. The Library of the World's Best Literature, Ancient and Modern, is a work of enormous proportions. Setting out with the simple goal of offering ""American households a mass of good reading"", the editors drew from literature of all times and all kinds what they considered the best pieces of human writing, and compiled an ambitious collection of 45 volumes (with a 46th being an index-guide). Besides the selection and translation of a huge number of poems, letters, short stories and sections of books, the collection offers, before each chapter, a short essay about the author or subject in question. In many cases, chapters contemplate not one author, but certain groups of works, organized by nationality, subject or period; there is, thus, a chapter on Accadian-Babylonian literature, one on the Holy Grail, and one on Chansons, for example. The...";['Various'];2021-03-04T00:00:00Z;['eng'];172178;3251732167;['librivox', 'audiobooks', 'fiction', 'nonfiction', 'exerpts'];audio;https://archive.org/details/worlds_best_literature_11_2103_librivox;librivox, audiobooks, fiction, nonfiction, exerpts, ;2021-03-04;5;172178;[{'url': 'https://archive.org/download/worlds_best_literature_11_2103_librivox/WorldsBestLiterature1101-19_librivox.m4b', 'text': 'M4B Audiobook 01-19 (267MB)'}, {'url': 'https://archive.org/download/worlds_best_literature_11_2103_librivox/WorldsBestLiterature1120-35_librivox.m4b', 'text': 'M4B Audiobook 20-35 (267MB)'}, {'url': 'https://archive.org/download/worlds_best_literature_11_2103_librivox/WorldsBestLiterature1136-44_librivox.m4b', 'text': 'M4B Audiobook 36-44 (92MB)'}]
12;prayers_2107_librivox;C. H. Spurgeon's Prayers;"LibriVox recording of C. H. Spurgeon's Prayers by Charles H. Spurgeon. Read in English by MaryAnn. The day on which a volume of C. H. Spurgeon's Pulpit Prayers appears is a day to be desired. Decidedly this selection of the great preacher's prayers supplies a want. Lovers of C. H. Spurgeon will delight in this treasury of devotion. It was memorable to hear this incomparable devine when he preached. It was often even more memorable to hear him pray. Prayer was the instinct of his soul, and the atmosphere of his life. It was his ""vital breath"" and ""native air."" How naturally he inhaled and exhaled it! The greatness of his prayers more and more impresses and delights me. He touched every note. He sped as on eagle's wings, into the Heaven of God. May many be enabled, through grace, by the study of these prayers, to pray more abundantly and for effectually! (From the Introduction by Dinsdale T. Young) For further information, including links to online text, reader information, RSS feeds,...";['Charles H. Spurgeon'];2021-07-28T00:00:00Z;['eng'];110287;784449342;['librivox', 'audiobooks', 'prayer', 'Spurgeon', 'christian'];audio;https://archive.org/details/prayers_2107_librivox;librivox, audiobooks, prayer, Spurgeon, christian;2021-07-28;19;110287;[{'url': 'https://archive.org/download/prayers_2107_librivox/SpurgeonsPrayers_librivox.m4b', 'text': 'M4B Audiobook (134MB)'}]
13;crimen_y_castigo_2105_librivox;Crimen y castigo;LibriVox recording of Crimen y castigo by Fyodor Dostoyevsky. (Translated by Pedro Pedraza y Páez.) Read in Spanish by Epachuko Obra cumbre de la literatura rusa y universal. Probablemente la más conocida de Dostoyesky. Está dividida en 6 partes y un epílogo. El estudiante Raskólnikoff, agobiado por pobreza y una serie de extraños razonamientos que van creciendo en su cabeza, planifica y ejecuta un terrible asesinato, llegando a convencerse de que ha obrado con justicia y hasta con brillantez. En las siguientes semanas, la investigación del crimen, la sospecha de poder ser descubierto, sus miserias morales y otros acontecimientos, irán generando un cambio profundo en la forma de ser y la psicología de nuestro protagonista. (Summary by Epachuko) For further information, including links to online text, reader information, RSS feeds, CD cover or other formats (if available), please go to the LibriVox catalog page for this recording. For more free audio books or to become a volunteer...;['Fyodor Dostoyevsky'];2021-05-07T00:00:00Z;['spa'];264431;3478889647;['librivox', 'audiobooks', 'espanol', 'crimen', 'siglo xix', 'literatura rusa'];audio;https://archive.org/details/crimen_y_castigo_2105_librivox;librivox, audiobooks, espanol, crimen, siglo xix, literatura rusa, ;2021-05-07;24;264431;[{'url': 'https://archive.org/download/crimen_y_castigo_2105_librivox/CrimenCastigo01-30_librivox.m4b', 'text': 'M4B Audiobook 01-30 (363MB)'}, {'url': 'https://archive.org/download/crimen_y_castigo_2105_librivox/CrimenCastigo31-49_librivox.m4b', 'text': 'M4B Audiobook 31-49 (224MB)'}]
14;warfieldcollection3_2110_librivox;The B. B. Warfield Collection, Volume 3;LibriVox recording of The B. B. Warfield Collection, Volume 3 by Benjamin B. Warfield. Read in English by InTheDesert. This volume showcases the diversity of Warfield's interests: as a systematic theologian, New Testament scholar, historian and churchman. Included are all the articles Warfield wrote for the journal Bibliotheca Sacra in the year of his death on John Humphrey Noyes and the Oneida Community. The B. B. Warfield Collection, Volume 1 The B. B. Warfield Collection, Volume 2 (Summary by IntheDesert) For further information, including links to online text, reader information, RSS feeds, CD cover or other formats (if available), please go to the LibriVox catalog page for this recording. For more free audio books or to become a volunteer reader, visit librivox.org . M4B Audiobook (258MB);['Benjamin B. Warfield'];2021-10-23T00:00:00Z;['eng'];125286;1660680888;['librivox', 'audiobooks', 'christian', 'theology', 'evolution', 'atheism', 'doctrine', 'Presbyterian', 'Calvinism', 'inspiration', 'trinity', 'unitarianism', 'infant baptism', 'john humphrey noyes', 'perfectionism', 'new testament canon'];audio;https://archive.org/details/warfieldcollection3_2110_librivox;librivox, audiobooks, christian, theology, evolution, atheism, doctrine, Presbyterian, Calvinism, inspiration, trinity, unitarianism, infant baptism, john humphrey noyes, perfectionism, new testament canon;2021-10-23;2;125286;[{'url': 'https://archive.org/download/warfieldcollection3_2110_librivox/Warfield3_librivox.m4b', 'text': 'M4B Audiobook (258MB)'}]
15;compilationpoemes014_2105_librivox;Compilation de poèmes - 014;"LibriVox recording of Compilation de poèmes - 014 by Various. Read in French by NateGdM; Ezwa; Christiane Jehanne; Nathan McDonald; Jody Holman; Giovanni; Mathieu; Sonia; fatch Cette compilation comprend une série de poèmes lus, en langue française, pour LibriVox. Résumé par Ezwa. For further information, including links to online text, reader information, RSS feeds, CD cover or other formats (if available), please go to the LibriVox catalog page for this recording. For more free audio books or to become a volunteer reader, visit librivox.org . M4B Audiobook (38MB)";['Various'];2021-05-21T00:00:00Z;['fre'];135026;242871132;['librivox', 'audiobooks', 'poésie'];audio;https://archive.org/details/compilationpoemes014_2105_librivox;librivox, audiobooks, poésie;2021-05-21;1;135026;[{'url': 'https://archive.org/download/compilationpoemes014_2105_librivox/Poemes014_librivox.m4b', 'text': 'M4B Audiobook (38MB)'}]
16;creeds_of_christendom_2111_librivox;The Creeds of Christendom;"LibriVox recording of The Creeds of Christendom by Various. Read in English by volunteer readers. This is based on Philip Schaff's Creeds of Christendom taking only the creeds that he selected, using the translations he supplied where possible but rearranged chronologically (using the dates he supplied) but excluding his commentary and notes. ""He who wishes to grow strong in his religious life, let him, I say, next to the Bible, feed himself on the great Creeds of the Church. There is a force of religious inspiration in them which you will seek in vain elsewhere. And this for good reasons. First, because it is ever true that it is by the truth that sanctification is wrought. And next, because the truth is set forth in these Creeds with a clearness and richness with which it is set forth nowhere else. For these Creeds are not the products of metaphysical speculation, as many who know infinitesimally little about them are prone to assert, but are the compressed and weighted utterances...";['Various'];2021-11-18T00:00:00Z;['eng'];111960;6570638114;['librivox', 'audiobooks', 'Christianity', 'doctrine', 'creeds', 'confessions'];audio;https://archive.org/details/creeds_of_christendom_2111_librivox;librivox, audiobooks, Christianity, doctrine, creeds, confessions;2021-11-18;9;111960;[{'url': 'https://archive.org/download/creeds_of_christendom_2111_librivox/CreedsChristendom000-037_librivox.m4b', 'text': 'M4B Audiobook 000-037 (269MB)'}, {'url': 'https://archive.org/download/creeds_of_christendom_2111_librivox/CreedsChristendom038-059_librivox.m4b', 'text': 'M4B Audiobook 038-059 (356MB)'}, {'url': 'https://archive.org/download/creeds_of_christendom_2111_librivox/CreedsChristendom060-086_librivox.m4b', 'text': 'M4B Audiobook 060-086 (354MB)'}, {'url': 'https://archive.org/download/creeds_of_christendom_2111_librivox/CreedsChristendom087-101_librivox.m4b', 'text': 'M4B Audiobook 87-101 (91MB)'}]
17;chateau_des_carpathes_2102_librivox;Le château des Carpathes;"LibriVox recording of Le château des Carpathes by Jules Verne. Read in French by Christiane Jehanne; Giovanni; Rémi; Margot; Stéphanie; Isad; Ezwa Le château des Carpathes raconte l'histoire de la rivalité entre deux hommes charismatiques pour une jeune cantatrice italienne et les évènements tragiques qui s'en suivent. Cinq ans avant même la parution du Dracula de Bram Stoker, Jules Verne (1828-1905), renommé pour son mélange de la science au mystérieux, a déjà placé cette histoire fantastique dans les sombres forêts et montagnes des Carpathes. - Summary by Sonia For further information, including links to online text, reader information, RSS feeds, CD cover or other formats (if available), please go to the LibriVox catalog page for this recording. For more free audio books or to become a volunteer reader, visit librivox.org . M4B Audiobook (151MB)";['Jules Verne'];2021-02-14T00:00:00Z;['fre'];156420;914368922;['librivox', 'audiobooks', 'romance', 'science fiction', 'mystère', 'transylvanie', 'gothique'];audio;https://archive.org/details/chateau_des_carpathes_2102_librivox;librivox, audiobooks, romance, science fiction, mystère, transylvanie, gothique;2021-02-14;4;156420;[{'url': 'https://archive.org/download/chateau_des_carpathes_2102_librivox/ChateauCarpathes_librivox.m4b', 'text': 'M4B Audiobook (151MB)'}]
18;ssf_075_2102_librivox;Short Science Fiction Collection 075;"LibriVox recording of Short Science Fiction Collection 075 by Various. Read in English by Paul Harvey; Dale Grothmann; Gabriel Mc Dermott; BarryHaworth; Autumn; Eric Kim; James Jenkins; Stacy Dugan-Wilcox; Ralph Martin; merecat; Colleen McMahon; P.J. Vander Kooij; holtonhj64 ; Sindu Ravindran Science fiction is a genre encompassing imaginative works that take place in this world or that of the author’s creation where anything is possible. The only rules are those set forth by the author. The speculative nature of the genre inspires thought and plants seeds that have led to advances in science. The genre can spark an interest in the sciences and is cited as the impetus for the career choice of many scientists. It is a playing field to explore social perspectives, predictions of the future, and engage in adventures unbound into the richness of the human mind.( A. Gramour) For further information, including links to online text, reader information, RSS feeds, CD cover or other formats...";['Various'];2021-02-09T00:00:00Z;['eng'];194147;1285101721;['librivox', 'audiobooks', 'time travel', 'space travel', 'specualitive fiction'];audio;https://archive.org/details/ssf_075_2102_librivox;librivox, audiobooks, time travel, space travel, specualitive fiction;2021-02-09;12;194147;[{'url': 'https://archive.org/download/ssf_075_2102_librivox/SSFC075_librivox.m4b', 'text': 'M4B Audiobook (209MB)'}]
19;chelovek_2103_librivox;Человек в футляре;"LibriVox recording of Человек в футляре by Anton Chekhov. Read in Russian by Mark Chulsky; tovarisch; Wolfgang Bas; Kazbek; Scarbo; Hanna Ponomarenko; Лена Сухая; Victor Seremet В центр рассказа в рассказе автор поместил карикатурного персонажа, который так сильно боялся начальства и привык жить в атмосфере ограничений и запретов, что своими страхами сделал невыносимой жизнь всех обитателей маленького провинциального городка. С приездом нового учителя и его сестры ""человеку в футляре"" пришлось столкнуться с действительностью, от которой он так тщательно прятался. Главный герой же основного рассказа, Иван Иваныч, вызывает у разных людей порой противоположные мнения. The author draw a cartoon character in the center of the inner story of his nested structure work. He was so frightened of the authorities and loved to live with restrictions that he terrorized all the citizens of a small provincial town. When a new teacher and his sister come, ""the man in a case"" has to face the reality...";['Anton Chekhov'];2021-03-02T00:00:00Z;['rus'];27173;114790458;['librivox', 'audiobooks', 'sports'];audio;https://archive.org/details/chelovek_2103_librivox;librivox, audiobooks, sports;2021-03-02;2;26500;[{'url': 'https://archive.org/download/chelovek_2103_librivox/Chelovekvfutliare_librivox.m4b', 'text': 'M4B Audiobook (13MB)'}]
20;ssf_081_2109_librivox;Short Science Fiction Collection 081;"LibriVox recording of Short Science Fiction Collection 081 by Various. Read in English by Veronica Maresh Mead ; elibishop; Dale Grothmann; Dan Gurzynski; Luke Venediger; Christina Fu;  Rapunzelina; J; Shannon Marshall Lush; Edmund Bloxam; Science fiction is a genre encompassing imaginative works that take place in this world or that of the author’s creation where anything is possible. The only rules are those set forth by the author. The speculative nature of the genre inspires thought and plants seeds that have led to advances in science. The genre can spark an interest in the sciences and is cited as the impetus for the career choice of many scientists. It is a playing field to explore social perspectives, predictions of the future, and engage in adventures unbound into the richness of the human mind. ( A. Gramour) For further information, including links to online text, reader information, RSS feeds, CD cover or other formats (if available), please go to the LibriVox catalog page...";['Various'];2021-09-16T00:00:00Z;['eng'];146690;1526459560;['librivox', 'audiobooks', 'Mars', 'space travel', 'speculative fiction', 'planetary travel', 'extraterrestrial', 'alien encounters'];audio;https://archive.org/details/ssf_081_2109_librivox;librivox, audiobooks, Mars, space travel, speculative fiction, planetary travel, extraterrestrial, alien encounters;2021-09-16;6;146690;[{'url': 'https://archive.org/download/ssf_081_2109_librivox/SSFC081_librivox.m4b', 'text': 'M4B Audiobook (249MB)'}]
21;librivox_sixteenth_anniversary_collection_2108_librivox;LibriVox Sixteenth Anniversary Collection;"LibriVox recording of LibriVox Sixteenth Anniversary Collection by Various. Read in English by Michele Fry; Maria Kasper; William Allan Jones; Ezwa; Alan Mapstone; Harley James; Chad Jackson; mleigh; Kazbek; Magda Wilde; Sue Anderson; KevinS; TriciaG; Sonia; Hanna Ponomarenko; Peter Thomlinson; David Starner; Rapunzelina; Lynne T; Cavaet; lorda; Carmen Fullmer; Devorah Allen; Andrea Atwood ""LibriVox is a hope, an experiment, and a question: can the net harness a bunch of volunteers to bring books in the public domain to life..."" Hugh McGuire, LibriVox's founder, August 9, 2005 In celebration of LibriVox's sixteenth anniversary, here is collection of short works of various kinds and from varied authors which include in their title the words 'sixteen' or 'sixteenth' or the number '16.' Each piece is selected and read by a LibriVox volunteer. For further information, including links to online text, reader information, RSS feeds, CD cover or other formats (if available), please go to the...";['Various'];2021-08-08T00:00:00Z;['mul'];123797;707970082;['librivox', 'audiobooks', 'short works'];audio;https://archive.org/details/librivox_sixteenth_anniversary_collection_2108_librivox;librivox, audiobooks, short works;2021-08-08;5;123797;[{'url': 'https://archive.org/download/librivox_sixteenth_anniversary_collection_2108_librivox/LVSixteenthAnniversary_librivox.m4b', 'text': 'M4B Audiobook (114MB)'}]
22;cuentos_de_terror_latinoamericanos_2106_librivox;Cuentos de terror latinoamericanos;"LibriVox recording of Cuentos de terror latinoamericanos by Various. Read in Spanish by Victor Villarraza; aphorist; Devan Tatlow; Juan Santana; Claudia Hernández; KendalRigans; earcicar El cuento latinoamericano a menudo es relegado fuera del ámbito del relato de terror, y aún del cuento fantástico, cuando existen ejemplos insuperables de cuentos de terror forjados en la literatura latinoamericana que marcaron no solo una época, sino que redimensionaron el género. - Summary by Phileas Fogg For further information, including links to online text, reader information, RSS feeds, CD cover or other formats (if available), please go to the LibriVox catalog page for this recording. For more free audio books or to become a volunteer reader, visit librivox.org . M4B Audiobook (140MB)";['Various'];2021-06-13T00:00:00Z;['spa'];217806;859694914;['librivox', 'audiobooks', 'cuentos', 'terror', 'uruguay', 'latinoamerica', 'brasil'];audio;https://archive.org/details/cuentos_de_terror_latinoamericanos_2106_librivox;librivox, audiobooks, cuentos, terror, uruguay, latinoamerica, brasil;2021-06-13;18;217806;[{'url': 'https://archive.org/download/cuentos_de_terror_latinoamericanos_2106_librivox/ContesLatinoAmericanos_librivox.m4b', 'text': 'M4B Audiobook (140MB)'}]
23;narraciones_inquietantes_2108_librivox;Narraciones inquietantes;LibriVox recording of Narraciones inquietantes by Various. Read in Spanish by Epachuko Recopilación de cinco relatos de cinco maestros: Charles Dickens, Edgar. A. Poe, Alexandre Dumas, Pedro A. de Alarcón y Alexander Pushkin. Todos ellos con el objetivo de favorecer el escalofrío y convencernos de que evitemos ir a comprobar la procedencia de esos ruidos extraños en mitad de la noche... (Introducción por Epachuko) For further information, including links to online text, reader information, RSS feeds, CD cover or other formats (if available), please go to the LibriVox catalog page for this recording. For more free audio books or to become a volunteer reader, visit librivox.org . M4B Audiobook (76MB);['Various'];2021-08-10T00:00:00Z;['spa'];216002;461207346;['librivox', 'audiobooks', 'cuentos', 'terror', 'crimen', 'misterio', 'sobrenatural'];audio;https://archive.org/details/narraciones_inquietantes_2108_librivox;librivox, audiobooks, cuentos, terror, crimen, misterio, sobrenatural;2021-08-10;10;216002;[{'url': 'https://archive.org/download/narraciones_inquietantes_2108_librivox/NarracionesInquietantes_librivox.m4b', 'text': 'M4B Audiobook (76MB)'}]
24;ssf_076_2103_librivox;Short Science Fiction Collection 076;"LibriVox recording of Short Science Fiction Collection 076 by Various. Read in English by Joanna Schreck; Jack Murray; Ralph Martin; Sarah Angelici; James Jenkins; Amy Gramour; P.J. Vander Kooij; Andrew Gaunce; Shobha Anand; Rapunzelina; Colleen McMahon; Mike Manolakes; Benjamin Fuentes; dfrakk; Sam Bartle Science fiction is a genre encompassing imaginative works that take place in this world or that of the author’s creation where anything is possible. The only rules are those set forth by the author. The speculative nature of the genre inspires thought and plants seeds that have led to advances in science. The genre can spark an interest in the sciences and is cited as the impetus for the career choice of many scientists. It is a playing field to explore social perspectives, predictions of the future, and engage in adventures unbound into the richness of the human mind. ( A. Gramour) For further information, including links to online text, reader information, RSS feeds, CD cover or...";['Various'];2021-03-11T00:00:00Z;['eng'];137479;1377460103;['librivox', 'audiobooks', 'space opera', 'Mars', 'time travel', 'space travel', 'telepathy', 'speculative fiction', 'alien worlds', 'extraterrestrials'];audio;https://archive.org/details/ssf_076_2103_librivox;librivox, audiobooks, space opera, Mars, time travel, space travel, telepathy, speculative fiction, alien worlds, extraterrestrials;2021-03-11;15;137479;[{'url': 'https://archive.org/download/ssf_076_2103_librivox/SNF076_librivox.m4b', 'text': 'M4B Audiobook (224MB)'}]
25;aliceinwonderland_2106_librivox;Alice's Adventures in Wonderland (Version 8);LibriVox recording of Alice's Adventures in Wonderland (Version 8) by Lewis Carroll. Read in English by Vin Cramer In this classic novel, a young girl named Alice chases after a white rabbit down a rabbit hole. She discovers a place that rejects traditional reason, and only follows its own mad logic. Join Alice as she meets iconic characters like The Mad Hatter while she tries to navigate this strange new world. (Summary by Vin Cramer) For further information, including links to online text, reader information, RSS feeds, CD cover or other formats (if available), please go to the LibriVox catalog page for this recording. For more free audio books or to become a volunteer reader, visit librivox.org . M4B Audiobook (98MB);['Lewis Carroll'];2021-06-24T00:00:00Z;['eng'];150380;590957648;"['librivox', 'audiobooks', 'alice', 'wonderland', ""alice's adventures in wonderland"", 'adventures in wonderland']";audio;https://archive.org/details/aliceinwonderland_2106_librivox;librivox, audiobooks, alice, wonderland, alice's adventures in wonderland, adventures in wonderland;2021-06-24;11;150380;[{'url': 'https://archive.org/download/aliceinwonderland_2106_librivox/AliceWonderland8_librivox.m4b', 'text': 'M4B Audiobook (98MB)'}]
26;christmas_short_works_collection_2021_2112_librivox;Christmas Short Works Collection 2021;LibriVox recording of Christmas Short Works Collection 2021 by Various. Read  by Librivox Volunteers The 2021 Christmas collection has some old favourites and some new, some reflections. Shepherds with a difference from New Zealand, and hopefully everyone will find something to enjoy , Summary by Annise For further information, including links to online text, reader information, RSS feeds, CD cover or other formats (if available), please go to the LibriVox catalog page for this recording. For more free audio books or to become a volunteer reader, visit librivox.org . M4B Audiobook (217MB);['Various'];2021-12-19T00:00:00Z;['mul'];128257;1309151884;['librivox', 'audiobooks'];audio;https://archive.org/details/christmas_short_works_collection_2021_2112_librivox;librivox, audiobooks, ;2021-12-19;4;128257;[{'url': 'https://archive.org/download/christmas_short_works_collection_2021_2112_librivox/ChristmasShortWorksCollection2021_librivox.m4b', 'text': 'M4B Audiobook (217MB)'}]
27;spc216_2106_librivox;Short Poetry Collection 216;LibriVox recording of Short Poetry Collection 216 by Various. This is a collection of 45 poems read in English by LibriVox volunteers for May 2021. For further information, including links to online text, reader information, RSS feeds, CD cover or other formats (if available), please go to the LibriVox catalog page for this recording. For more free audio books or to become a volunteer reader, visit librivox.org . M4B Audiobook (65MB);['Various'];2021-06-01T00:00:00Z;['eng'];71231;410538221;['librivox', 'audiobooks', 'poetry collection', 'short poetry', 'long poetry'];audio;https://archive.org/details/spc216_2106_librivox;librivox, audiobooks, poetry collection, short poetry, long poetry;2021-06-01;2;71231;[{'url': 'https://archive.org/download/spc216_2106_librivox/SPC216_librivox.m4b', 'text': 'M4B Audiobook (65MB)'}]
28;pur01_2108_librivox;The Age of the Puritans Volume 1;"LibriVox recording of The Age of the Puritans Volume 1 by Various. Read in English by InTheDesert. This volume of The Age of the Puritans begins with William Perkin's concise summary of Christian doctrine written in response to popular misconceptions of the time and Robert Rollock's scheme for logically dividing doctrine into key topics. Rollock then explains the relationship between the written Scriptures and what he terms the ""lively voice"" heard in other ages, pre-empting what would later become the Quaker-Puritan debates. B.B. Warfield gives a 'best of' John Arrowsmith's Armilla Catechetica (two of Arrowsmith's sermons to the English parliament during the First English Civil War appear at the end of this collection). William Perkins illuminates the book of 1 John by arranging it as a dialogue between the church and John with Perkins supplying the questions to which John is responding. This is followed by Stephen Charnock's and John Bunyan's dying aphorisms. William Ames (the...";['Various'];2021-08-20T00:00:00Z;['eng'];96673;1116450210;['librivox', 'audiobooks', 'bible', 'faith', 'theology', 'Revelation', 'doctrine', 'Presbyterian', 'divorce', 'puritan', 'remarriage', 'epistles of john', 'westminster divines'];audio;https://archive.org/details/pur01_2108_librivox;librivox, audiobooks, bible, faith, theology, Revelation, doctrine, Presbyterian, divorce, puritan, remarriage, epistles of john, westminster divines;2021-08-20;7;96673;[{'url': 'https://archive.org/download/pur01_2108_librivox/AgePuritans1_librivox.m4b', 'text': 'M4B Audiobook (174MB)'}]
29;aiguillecreuse_2109_librivox;L' Aiguille creuse;LibriVox recording of L' Aiguille creuse by Maurice Leblanc. Read in French by Bidou. « L'Aiguille creuse » est l'emplacement secret du Trésor des rois de France. Découvert par Arsène Lupin, un jeune étudiant Isodore Beautrelet s'emploie à le retrouver à son tour. La joute entre ces deux personnages, qui se respectent et s'apprécient, se déroule sur les terres de Normandie. Résumé par Bidou. For further information, including links to online text, reader information, RSS feeds, CD cover or other formats (if available), please go to the LibriVox catalog page for this recording. For more free audio books or to become a volunteer reader, visit librivox.org . M4B Audiobook (160MB);['Maurice Leblanc'];2021-09-15T00:00:00Z;['fre'];175528;958363458;['librivox', 'audiobooks', 'arsene lupin', 'roman policier francais', 'normandie france'];audio;https://archive.org/details/aiguillecreuse_2109_librivox;librivox, audiobooks, arsene lupin, roman policier francais, normandie france;2021-09-15;3;175528;[{'url': 'https://archive.org/download/aiguillecreuse_2109_librivox/AiguilleCreuse_librivox.m4b', 'text': 'M4B Audiobook (160MB)'}]
30;encyclicalspopeleoxiii_2111_librivox;Encyclical Letters of Pope Leo XIII;LibriVox recording of Encyclical Letters of Pope Leo XIII by Pope Leo XIII. Read in English by Librivox volunteers. Pope Leo XIII (1810-1903) wrote eighty-eight Encyclicals during his twenty-five year pontificate (1878-1903). Fifty-six of those are included in this collection. Among the topics covered are the Rosary, socialism, Christian marriage, labour, freemasonry, Church and state, human liberty, dueling, the Holy Eucharist, and more. (Summary by Maria Therese) For further information, including links to online text, reader information, RSS feeds, CD cover or other formats (if available), please go to the LibriVox catalog page for this recording. For more free audio books or to become a volunteer reader, visit librivox.org . M4B Audiobook 01-26 (363MB) M4B Audiobook 27-52 (335MB) M4B Audiobook 53-58 (90MB);['Pope Leo XIII'];2021-11-26T00:00:00Z;['eng'];82017;4791959200;['librivox', 'audiobooks', 'slavery', 'church', 'Catholic', 'Catholicism', 'marriage', 'education', 'pope', 'immigrants', 'labour', 'Christopher Columbus', 'clergy', 'state', 'encyclical', 'freemasonry', 'dueling', 'rosary', 'civil power', 'holy scriptures', 'sacred heart', 'christian democracy', 'the holy eucharist'];audio;https://archive.org/details/encyclicalspopeleoxiii_2111_librivox;librivox, audiobooks, slavery, church, Catholic, Catholicism, marriage, education, pope, immigrants, labour, Christopher Columbus, clergy, state, encyclical, freemasonry, dueling, rosary, civil power, holy scriptures, sacred heart, christian democracy, the holy eucharist;2021-11-26;16;82017;[{'url': 'https://archive.org/download/encyclicalspopeleoxiii_2111_librivox/EncyclicalLettersPopeLeoXIII01-26_librivox.m4b', 'text': 'M4B Audiobook 01-26 (363MB)'}, {'url': 'https://archive.org/download/encyclicalspopeleoxiii_2111_librivox/EncyclicalLettersPopeLeoXIII27-52_librivox.m4b', 'text': 'M4B Audiobook 27-52 (335MB)'}, {'url': 'https://archive.org/download/encyclicalspopeleoxiii_2111_librivox/EncyclicalLettersPopeLeoXIII53-58_librivox.m4b', 'text': 'M4B Audiobook 53-58 (90MB)'}]
31;ahnenmarcuskonig_2104_librivox;Die Ahnen - Marcus König;LibriVox recording of Die Ahnen - Marcus König by Gustav Freytag. Read in German by Bernd Ungerer. Mit dem 4. Band der Ahnen-Reihe sind wir in der Zeit Martin Luthers angekommen. Die Erzählung Marcus König setzt 1519 in Thorn ein, wo der Titelheld als angesehener Patrizier und Mitglied des Artushofs etabliert ist. Nachdem sich die Stadt um 1454 aus der Herrschaft des Deutschen Ordens gelöst und dem polnischen König unterstellt hatte, führte der polnische Versuch der Integration auch des verbleibenden Ordensstaates zur kriegerischen Auseinandersetzung zwischen König Sigismund I. und dem Hochmeister Albrecht von Brandenburg-Ansbach, die mit dem Waffenstillstand von Thorn 1521 und – nach Einführung der Reformation – 1525 im Vertrag von Krakau mit der Anerkennung Albrechts als weltlichen Herzog in Preußen endete. Marcus König, der den Hochmeister mit seinem Vermögen unterstützt hatte, die Herrschaft des Deutschen Ordens über Thorn zurückzugewinnen, wendet sich enttäuscht ab und verlässt...;['Gustav Freytag'];2021-04-18T00:00:00Z;['deu'];137846;2094600081;['librivox', 'audiobooks', 'German', 'Deutsch', 'Luther', 'Reformation', 'liebesgeschichte', 'deutscher orden', 'thorn', 'polen', 'könig sigismund i.', 'albrecht von brandenburg-ansbach', 'krakau', 'preußen', 'coburg', 'freytag', 'die ahnen'];audio;https://archive.org/details/ahnenmarcuskonig_2104_librivox;librivox, audiobooks, German, Deutsch, Luther, Reformation, liebesgeschichte, deutscher orden, thorn, polen, könig sigismund i., albrecht von brandenburg-ansbach, krakau, preußen, coburg, freytag, die ahnen;2021-04-18;3;137846;[{'url': 'https://archive.org/download/ahnenmarcuskonig_2104_librivox/DieAhnen_librivox.m4b', 'text': 'M4B Audiobook (344MB)'}]
32;amorygloria_2107_librivox;Amor y Gloria (The Bride of Triermain);LibriVox recording of Amor y Gloria (The Bride of Triermain) by Sir Walter Scott. Read in Spanish by Victor Villarraza. The Bride of Triermain es un poema narrativo en tres cantos escrito por Sir Walter Scott, publicado anónimamente en 1813. Situado en Cumberland, narra la historia de un caballero que emprende el rescate de la bella Gyneth, la hija ilegítima del Rey Arturo y la Reina de las Hadas. La bella Gyneth duerme desde hace 500 años en una torre encantada al haber sido hechizada por el mago Merlín. y para despertar deber ser rescatada por un verdadero amor. (Summary by Phileas Fogg) For further information, including links to online text, reader information, RSS feeds, CD cover or other formats (if available), please go to the LibriVox catalog page for this recording. For more free audio books or to become a volunteer reader, visit librivox.org . M4B Audiobook (46MB);['Sir Walter Scott'];2021-07-09T00:00:00Z;['spa'];194613;280681270;['librivox', 'audiobooks', 'merlin', 'rey arturo', 'caballeros de la mesa redonda'];audio;https://archive.org/details/amorygloria_2107_librivox;librivox, audiobooks, merlin, rey arturo, caballeros de la mesa redonda;2021-07-09;1;194613;[{'url': 'https://archive.org/download/amorygloria_2107_librivox/AmoryGloria_librivox.m4b', 'text': 'M4B Audiobook (46MB)'}]
33;asgardstories_2110_librivox;Asgard Stories: Tales from Norse Mythology;"LibriVox recording of Asgard Stories: Tales from Norse Mythology by Mary H. Foster. (Translated by Mabel H. Cummings.) Read in English by Julie Yu Asgard Stories - Tales from Norse Mythology. To all our Children who have loved the hearing of these Asgard Stories. This little volume is the outcome of several years experience in telling to classes of children the classic myths, both southern and northern. ""A broad simplicity, so very different from the light gracefulness of the old Greek paganism, distinguishes this Norse system. It is thought, the genuine thought of deep, rude, earnest minds, fairly opened to the things about them, - a face-to-face and heart-to-heart inspection of things, - the first characteristic of all good thought in all times."" wrote Carlyle. Anderson, the author of “Norse Mythology,” wrote: “In the Norse mythology the centralizing idea is its peculiar feature; in it lies its strength and beauty. The one myth and the one divinity is inextricably in communion with...";['Mary H. Foster'];2021-10-13T00:00:00Z;['eng'];102765;433628750;['librivox', 'audiobooks', 'thor', 'odin', 'asgard', 'loki'];audio;https://archive.org/details/asgardstories_2110_librivox;librivox, audiobooks, thor, odin, asgard, loki;2021-10-13;43;102765;[{'url': 'https://archive.org/download/asgardstories_2110_librivox/AsgardStories_librivox.m4b', 'text': 'M4B Audiobook (70MB)'}]
34;noncanonicalsherlockholmes_2104_librivox;Four Noncanonical Sherlock Holmes Short Stories;"LibriVox recording of Four Noncanonical Sherlock Holmes Short Stories by Sir Arthur Conan Doyle. Read in English by Peter Yearsley; Michele Eaton; David Purdy; Algy Pug; Alan Mapstone; Rob Marland; Larry Wilson; Zames Curran; Twinkle; Tomas Peter; Lauren-Emma Blake; chuckconvr; Adrian Stephens; Marvin; Lewis West; NoelVox; Brant Burgiss Although the Sherlock Holmes canon traditionally consists of four novels and 56 short stories written by Arthur Conan Doyle, there are many Sherlock Holmes stories outside the canon. Most of these noncanonical stories were written by authors other than Doyle, but there are four short stories about Holmes written by Doyle that are nonetheless excluded from the canon, for various reasons. This LibriVox album consists of these four noncanonical stories. The first story, ""The Field Bazaar"", was first published in 1896 in a special issue of a University of Edinburgh student newspaper called The Student. Doyle wrote this very brief story to support a...";['Sir Arthur Conan Doyle'];2021-04-20T00:00:00Z;['eng'];114524;258481570;['librivox', 'audiobooks', 'private investigators', 'gentleman detectives', 'deductive reasoning'];audio;https://archive.org/details/noncanonicalsherlockholmes_2104_librivox;librivox, audiobooks, private investigators, gentleman detectives, deductive reasoning;2021-04-20;19;114524;[{'url': 'https://archive.org/download/noncanonicalsherlockholmes_2104_librivox/NonCanonicalSherlockHolmes_librivox.m4b', 'text': 'M4B Audiobook (29MB)'}]
35;reformationcollection3_2109_librivox;The Reformation Collection Volume 3;"LibriVox recording of The Reformation Collection Volume 3 by Various. Read in English by InTheDesert This volume of the Reformation collection, begins with John Calvin's summary of the contents for the Bible from the preface to the Geneva Bible. Catherine Parr, last wife of Henry VIII, contributes her ""Prayers or Meditations"", intended as a shortened Protestant equivalent to Thomas à Kempis' The Imitation of Christ. Next come accounts of trials and martyrdoms: Walter Mill, the last martyr of Scotland, John Bradford, an anonymous account of Protestants in Norfolk and Suffolk to commissioners sent by Mary I, Hugh Latimer's examination as an old man and the execution of Henry Grey, father of Lady Jane Grey. Following these are a series of prayers: Lady Jane Grey, John Knox, Edward VI as well as Knox's instructions on prayer. Knox also gives instructions for Christian gatherings in a time of persecution and John Wycliffe gives a rule of conduct for Christians in various life...";['Various'];2021-09-30T00:00:00Z;['eng'];103769;2452490125;"['librivox', 'audiobooks', 'bible', 'Protestant', 'sacraments', 'sermons', 'Gospels', 'henry viii', 'Reformation', 'prayers', 'Church of England', 'rebellion', 'polygamy', 'martyrdom', 'dancing', 'roman catholic', ""lord's supper"", 'church and state', 'usury', 'mass', 'confirmation', 'geneva bible', 'walter mill', 'mary i', 'alms', 'michael servetus']";audio;https://archive.org/details/reformationcollection3_2109_librivox;librivox, audiobooks, bible, Protestant, sacraments, sermons, Gospels, henry viii, Reformation, prayers, Church of England, rebellion, polygamy, martyrdom, dancing, roman catholic, lord's supper, church and state, usury, mass, confirmation, geneva bible, walter mill, mary i, alms, michael servetus;2021-09-30;8;103769;[{'url': 'https://archive.org/download/reformationcollection3_2109_librivox/ReformationCollection301-20_librivox.m4b', 'text': 'M4B Audiobook  01-20 (159MB)'}, {'url': 'https://archive.org/download/reformationcollection3_2109_librivox/ReformationCollection321-40_librivox.m4b', 'text': 'M4B Audiobook  21-40 (221MB)'}]
36;christianity_18th19thcentury1_2110_librivox;Christianity in the 18th and 19th Century, Volume 1;"LibriVox recording of Christianity in the 18th and 19th Century, Volume 1 by Various. Read in English by InTheDesert The 30 works in this volume are arranged thematically around the following headings: materialism or anti-supernaturalism (responses to David Friedrich Strauss , David Hume , Thomas Henry Huxley , sermons about natural religion and its limits), church and state or politics (contrasting perspectives from Britain, America and the Netherlands), the office of the pastor (sermons, opinions on church government, evidence from the early church, personal experiences, principles for preaching), sermons and miscellaneous pieces (theology and history). Note: ""Receipt"" in the title of section 2 means ""recipe"". - Summary by InTheDesert For further information, including links to online text, reader information, RSS feeds, CD cover or other formats (if available), please go to the LibriVox catalog page for this recording. For more free audio books or to become a volunteer reader,...";['Various'];2021-10-26T00:00:00Z;['eng'];74459;2666270226;['librivox', 'audiobooks', 'politics', 'Christianity', 'collection', 'bible', 'slavery', 'apocrypha', 'sermons', 'materialism', 'David Hume', 'preaching', 'justification', 'regeneration', 'church and state', 'marrow controversy', 'presbyterianism', 'pastor', 'higher criticism', 'writings', 'anti-supernaturalism', 'david friedrich strauss', 'thomas henry huxley', 'natural religion', 'church government', 'bishops', 'evangelicalism', 'clapham sect', 'horae homileticae'];audio;https://archive.org/details/christianity_18th19thcentury1_2110_librivox;librivox, audiobooks, politics, Christianity, collection, bible, slavery, apocrypha, sermons, materialism, David Hume, preaching, justification, regeneration, church and state, marrow controversy, presbyterianism, pastor, higher criticism, writings, anti-supernaturalism, david friedrich strauss, thomas henry huxley, natural religion, church government, bishops, evangelicalism, clapham sect, horae homileticae;2021-10-26;7;74012;[{'url': 'https://archive.org/download/christianity_18th19thcentury1_2110_librivox/Christianity18C19C101-15_librivox.m4b', 'text': 'M4B Audiobook 01-15 (235MB)'}, {'url': 'https://archive.org/download/christianity_18th19thcentury1_2110_librivox/Christianity18C19C116-30_librivox.m4b', 'text': 'M4B Audiobook 16-30 (180MB)'}]
37;great_events_famous_historians_6_2104_librivox;The Great Events by Famous Historians, Volume 6;"LibriVox recording of The Great Events by Famous Historians, Volume 6 by Charles F. Horne; Rossiter Johnson; John Rudd. Read in English by realisticspeakers; Owlivia; Tom Haire; Colleen McMahon; Piotr Nater; Ryan Fahey; harleyholland123; Marya James; Rowan Puttergill; raghavdhandi8; Louis Hehman; jenno; saward; Alan Mapstone; KevinS A comprehensive and readable account of the world's history, emphasizing the more important events, and presenting these as complete narratives in the master-words of the most eminent historians. This is volume 6 of 22, covering from 1162-1300 AD. - Summary Adapted from the Title Page For further information, including links to online text, reader information, RSS feeds, CD cover or other formats (if available), please go to the LibriVox catalog page for this recording. For more free audio books or to become a volunteer reader, visit librivox.org . M4B Audiobook 00-19 (230MB) M4B Audiobook 20-39 (217MB)";"['Charles F. Horne; Rossiter Johnson; John Rudd']";2021-04-29T00:00:00Z;['eng'];88952;2704745232;"['librivox', 'audiobooks', 'egypt', 'Japanese', 'Jerusalem', 'constantinople', 'William Wallace', 'hanseatic league', 'magna charta', 'edward i', 'mongol empire', 'genghis khan', 'teutonic knights', 'innocent iii', 'saladin', ""thomas a'becket"", 'peace of constance', 'lombard cities', 'third crusade', 'philip of france', 'eastern latin empire', 'golden bull', 'tartar hordes', 'marmelukes', 'mad parliment', 'louis xi', 'house of hapsburg', 'expulsion of jews from england']";audio;https://archive.org/details/great_events_famous_historians_6_2104_librivox;librivox, audiobooks, egypt, Japanese, Jerusalem, constantinople, William Wallace, hanseatic league, magna charta, edward i, mongol empire, genghis khan, teutonic knights, innocent iii, saladin, thomas a'becket, peace of constance, lombard cities, third crusade, philip of france, eastern latin empire, golden bull, tartar hordes, marmelukes, mad parliment, louis xi, house of hapsburg, expulsion of jews from england;2021-04-29;10;88952;[{'url': 'https://archive.org/download/great_events_famous_historians_6_2104_librivox/GreatEvents00-19_librivox.m4b', 'text': 'M4B Audiobook 00-19 (230MB)'}, {'url': 'https://archive.org/download/great_events_famous_historians_6_2104_librivox/GreatEvents20-39_librivox.m4b', 'text': 'M4B Audiobook 20-39 (217MB)'}]
38;mswcollection_030_2111_librivox;Multilingual Short Works Collection 030 - Poetry & Prose;"LibriVox recording of Multilingual Short Works Collection 030 - Poetry & Prose by Various. Read in Multilingual by Melina Hristova; Melina Hristova; Verla Viera; Christiane Jehanne; Christiane Jehanne; Christiane Jehanne; Christiane Jehanne; Christiane Jehanne; czandra; lorda; Nathan Lewin; Piotr Nater; Mayah; Livia F.; Maria Agustina Von; Mireia Castillón; Mireia Castillón; Maria Agustina Von; Maria Agustina Von; Hanna Ponomarenko This is our 30th collection of short pieces, poetry or prose, fiction and non-fiction, in several different languages (except standard English) as listed below. All chosen and recorded by Librivox volunteers. - Summary by ToddHW 1. Bulgarian - Змейново любе [Zmeynovo lyube] - 2:51 Пенчо П. Славейков Link to text Keywords: Пенчо, Славейков, Змейново любе, Епически песни, Яна, Yana, змей, dragon, стихии, nature deity, българска поезия, поема, poem, епос, epic, epos, фолклор, folklore, народна песен, крадена булка, stolen bride, змейова сватба, dragon wedding,...";['Various'];2021-11-29T00:00:00Z;['mul'];134607;494322822;['librivox', 'audiobooks'];audio;https://archive.org/details/mswcollection_030_2111_librivox;librivox, audiobooks, ;2021-11-29;2;134165;[{'url': 'https://archive.org/download/mswcollection_030_2111_librivox/MSWC030_librivox.m4b', 'text': 'M4B Audiobook (50MB)'}]
39;multilingual028_2103_librivox;Multilingual Short Works Collection 028 - Poetry & Prose;"LibriVox recording of Multilingual Short Works Collection 028 - Poetry & Prose by Various. Read in Multilingual by lorda; Katharina21; Guy Lederfein; Kranzniki; Liber; Francesca Roma; Piotr Nater; blazeiro; Livia F.; Mark Chulsky; NateGdM; Maritza Mateo; Odal This is our 28th collection of short pieces, poetry or prose, fiction and non-fiction, in several different languages (except standard English) as listed below. All chosen and recorded by Librivox volunteers. - Summary by ToddHW 1. German - Kind in der Wiege - 2:08 Klabund Link to text Keywords: multilingual, German, short story, philosophical, thoughtful 2. German - Wie ein Schnupfen kuriert wird - 10:17 Mark Twain Link to text Keywords: Humor, Feuilleton, Amerikanische Literatur, How to Cure a Cold 3. Hebrew - לבדי [Levadi] - 2:10 Hayim Nahman Bialik Link to text Keywords: Bialik, multilingual, Hebrew 4. Hungarian - Új virágos ifjusággal - 1:50 Endre Ady Link to text Keywords: A magunk szerelme 5. Italian - Amore, in cui disio...";['Various'];2021-03-05T00:00:00Z;['mul'];147065;488608815;['librivox', 'audiobooks', 'multilingual'];audio;https://archive.org/details/multilingual028_2103_librivox;librivox, audiobooks, multilingual;2021-03-05;3;147065;[{'url': 'https://archive.org/download/multilingual028_2103_librivox/MSW028_librivox.m4b', 'text': 'M4B Audiobook (82MB)'}]
